"TimeGenerated [UTC]",Computer,"_ResourceId",InstanceName,"avg_CounterValue"
"21/09/2022, 4:45:00.000 am","lvm-hack22-aad","/subscriptions/949ef534-07f5-4138-8b79-aae16a71310c/resourcegroups/rg-hack22-aad-general/providers/microsoft.compute/virtualmachines/lvm-hack22-aad",cpu2,"0.537074724120673"
"21/09/2022, 4:45:00.000 am","lvm-hack22-aad","/subscriptions/949ef534-07f5-4138-8b79-aae16a71310c/resourcegroups/rg-hack22-aad-general/providers/microsoft.compute/virtualmachines/lvm-hack22-aad",cpu3,"0.5228988740829653"
"21/09/2022, 4:45:00.000 am","lvm-hack22-aad","/subscriptions/949ef534-07f5-4138-8b79-aae16a71310c/resourcegroups/rg-hack22-aad-general/providers/microsoft.compute/virtualmachines/lvm-hack22-aad",total,"0.5738083828375359"
"21/09/2022, 4:45:00.000 am","lvm-hack22-aad","/subscriptions/949ef534-07f5-4138-8b79-aae16a71310c/resourcegroups/rg-hack22-aad-general/providers/microsoft.compute/virtualmachines/lvm-hack22-aad",cpu1,"0.5728880804647905"
"21/09/2022, 4:45:00.000 am","lvm-hack22-aad","/subscriptions/949ef534-07f5-4138-8b79-aae16a71310c/resourcegroups/rg-hack22-aad-general/providers/microsoft.compute/virtualmachines/lvm-hack22-aad",cpu0,"0.6594254970565557"
"21/09/2022, 5:00:00.000 am","lvm-hack22-aad","/subscriptions/949ef534-07f5-4138-8b79-aae16a71310c/resourcegroups/rg-hack22-aad-general/providers/microsoft.compute/virtualmachines/lvm-hack22-aad",cpu1,"4.467079965667693"
"21/09/2022, 5:00:00.000 am","lvm-hack22-aad","/subscriptions/949ef534-07f5-4138-8b79-aae16a71310c/resourcegroups/rg-hack22-aad-general/providers/microsoft.compute/virtualmachines/lvm-hack22-aad",cpu0,"4.5374169535580915"
"21/09/2022, 5:00:00.000 am","lvm-hack22-aad","/subscriptions/949ef534-07f5-4138-8b79-aae16a71310c/resourcegroups/rg-hack22-aad-general/providers/microsoft.compute/virtualmachines/lvm-hack22-aad",cpu3,"5.352846355606082"
"21/09/2022, 5:00:00.000 am","lvm-hack22-aad","/subscriptions/949ef534-07f5-4138-8b79-aae16a71310c/resourcegroups/rg-hack22-aad-general/providers/microsoft.compute/virtualmachines/lvm-hack22-aad",total,"4.888524073936469"
"21/09/2022, 5:00:00.000 am","lvm-hack22-aad","/subscriptions/949ef534-07f5-4138-8b79-aae16a71310c/resourcegroups/rg-hack22-aad-general/providers/microsoft.compute/virtualmachines/lvm-hack22-aad",cpu2,"5.198592252960684"
"21/09/2022, 5:15:00.000 am","lvm-hack22-aad","/subscriptions/949ef534-07f5-4138-8b79-aae16a71310c/resourcegroups/rg-hack22-aad-general/providers/microsoft.compute/virtualmachines/lvm-hack22-aad",cpu2,"2.48216845721228"
"21/09/2022, 5:15:00.000 am","lvm-hack22-aad","/subscriptions/949ef534-07f5-4138-8b79-aae16a71310c/resourcegroups/rg-hack22-aad-general/providers/microsoft.compute/virtualmachines/lvm-hack22-aad",cpu1,"3.095436997001869"
"21/09/2022, 5:15:00.000 am","lvm-hack22-aad","/subscriptions/949ef534-07f5-4138-8b79-aae16a71310c/resourcegroups/rg-hack22-aad-general/providers/microsoft.compute/virtualmachines/lvm-hack22-aad",cpu3,"3.159779726137803"
"21/09/2022, 5:15:00.000 am","lvm-hack22-aad","/subscriptions/949ef534-07f5-4138-8b79-aae16a71310c/resourcegroups/rg-hack22-aad-general/providers/microsoft.compute/virtualmachines/lvm-hack22-aad",total,"2.995292637970176"
"21/09/2022, 5:15:00.000 am","lvm-hack22-aad","/subscriptions/949ef534-07f5-4138-8b79-aae16a71310c/resourcegroups/rg-hack22-aad-general/providers/microsoft.compute/virtualmachines/lvm-hack22-aad",cpu0,"3.243281336667101"
"21/09/2022, 5:30:00.000 am","lvm-hack22-aad","/subscriptions/949ef534-07f5-4138-8b79-aae16a71310c/resourcegroups/rg-hack22-aad-general/providers/microsoft.compute/virtualmachines/lvm-hack22-aad",cpu1,"0.565128638430511"
"21/09/2022, 5:30:00.000 am","lvm-hack22-aad","/subscriptions/949ef534-07f5-4138-8b79-aae16a71310c/resourcegroups/rg-hack22-aad-general/providers/microsoft.compute/virtualmachines/lvm-hack22-aad",cpu0,"0.79259784991037"
"21/09/2022, 5:30:00.000 am","lvm-hack22-aad","/subscriptions/949ef534-07f5-4138-8b79-aae16a71310c/resourcegroups/rg-hack22-aad-general/providers/microsoft.compute/virtualmachines/lvm-hack22-aad",cpu3,"0.5964358094320678"
"21/09/2022, 5:30:00.000 am","lvm-hack22-aad","/subscriptions/949ef534-07f5-4138-8b79-aae16a71310c/resourcegroups/rg-hack22-aad-general/providers/microsoft.compute/virtualmachines/lvm-hack22-aad",cpu2,"0.5478984493734806"
"21/09/2022, 5:30:00.000 am","lvm-hack22-aad","/subscriptions/949ef534-07f5-4138-8b79-aae16a71310c/resourcegroups/rg-hack22-aad-general/providers/microsoft.compute/virtualmachines/lvm-hack22-aad",total,"0.6255945783579268"
"21/09/2022, 5:45:00.000 am","lvm-hack22-aad","/subscriptions/949ef534-07f5-4138-8b79-aae16a71310c/resourcegroups/rg-hack22-aad-general/providers/microsoft.compute/virtualmachines/lvm-hack22-aad",cpu0,"0.7826432997810125"
"21/09/2022, 5:45:00.000 am","lvm-hack22-aad","/subscriptions/949ef534-07f5-4138-8b79-aae16a71310c/resourcegroups/rg-hack22-aad-general/providers/microsoft.compute/virtualmachines/lvm-hack22-aad",cpu1,"0.5028852291365954"
"21/09/2022, 5:45:00.000 am","lvm-hack22-aad","/subscriptions/949ef534-07f5-4138-8b79-aae16a71310c/resourcegroups/rg-hack22-aad-general/providers/microsoft.compute/virtualmachines/lvm-hack22-aad",cpu3,"0.5674031623080946"
"21/09/2022, 5:45:00.000 am","lvm-hack22-aad","/subscriptions/949ef534-07f5-4138-8b79-aae16a71310c/resourcegroups/rg-hack22-aad-general/providers/microsoft.compute/virtualmachines/lvm-hack22-aad",total,"0.6132978379072962"
"21/09/2022, 5:45:00.000 am","lvm-hack22-aad","/subscriptions/949ef534-07f5-4138-8b79-aae16a71310c/resourcegroups/rg-hack22-aad-general/providers/microsoft.compute/virtualmachines/lvm-hack22-aad",cpu2,"0.6010627563384785"
"21/09/2022, 6:00:00.000 am","lvm-hack22-aad","/subscriptions/949ef534-07f5-4138-8b79-aae16a71310c/resourcegroups/rg-hack22-aad-general/providers/microsoft.compute/virtualmachines/lvm-hack22-aad",total,"0.6608540249920142"
"21/09/2022, 6:00:00.000 am","lvm-hack22-aad","/subscriptions/949ef534-07f5-4138-8b79-aae16a71310c/resourcegroups/rg-hack22-aad-general/providers/microsoft.compute/virtualmachines/lvm-hack22-aad",cpu2,"0.6045700601409104"
"21/09/2022, 6:00:00.000 am","lvm-hack22-aad","/subscriptions/949ef534-07f5-4138-8b79-aae16a71310c/resourcegroups/rg-hack22-aad-general/providers/microsoft.compute/virtualmachines/lvm-hack22-aad",cpu0,"0.9270054436420401"
"21/09/2022, 6:00:00.000 am","lvm-hack22-aad","/subscriptions/949ef534-07f5-4138-8b79-aae16a71310c/resourcegroups/rg-hack22-aad-general/providers/microsoft.compute/virtualmachines/lvm-hack22-aad",cpu3,"0.5697202952502323"
"21/09/2022, 6:00:00.000 am","lvm-hack22-aad","/subscriptions/949ef534-07f5-4138-8b79-aae16a71310c/resourcegroups/rg-hack22-aad-general/providers/microsoft.compute/virtualmachines/lvm-hack22-aad",cpu1,"0.5394106332184411"
"21/09/2022, 6:15:00.000 am","lvm-hack22-aad","/subscriptions/949ef534-07f5-4138-8b79-aae16a71310c/resourcegroups/rg-hack22-aad-general/providers/microsoft.compute/virtualmachines/lvm-hack22-aad",cpu3,"0.7160932899522844"
"21/09/2022, 6:15:00.000 am","lvm-hack22-aad","/subscriptions/949ef534-07f5-4138-8b79-aae16a71310c/resourcegroups/rg-hack22-aad-general/providers/microsoft.compute/virtualmachines/lvm-hack22-aad",cpu0,"1.627017027674009"
"21/09/2022, 6:15:00.000 am","lvm-hack22-aad","/subscriptions/949ef534-07f5-4138-8b79-aae16a71310c/resourcegroups/rg-hack22-aad-general/providers/microsoft.compute/virtualmachines/lvm-hack22-aad",total,"1.092997896206595"
"21/09/2022, 6:15:00.000 am","lvm-hack22-aad","/subscriptions/949ef534-07f5-4138-8b79-aae16a71310c/resourcegroups/rg-hack22-aad-general/providers/microsoft.compute/virtualmachines/lvm-hack22-aad",cpu1,"0.9319111742825044"
"21/09/2022, 6:15:00.000 am","lvm-hack22-aad","/subscriptions/949ef534-07f5-4138-8b79-aae16a71310c/resourcegroups/rg-hack22-aad-general/providers/microsoft.compute/virtualmachines/lvm-hack22-aad",cpu2,"1.0991728748194816"
"21/09/2022, 6:30:00.000 am","lvm-hack22-aad","/subscriptions/949ef534-07f5-4138-8b79-aae16a71310c/resourcegroups/rg-hack22-aad-general/providers/microsoft.compute/virtualmachines/lvm-hack22-aad",cpu2,"0.6900057432086918"
"21/09/2022, 6:30:00.000 am","lvm-hack22-aad","/subscriptions/949ef534-07f5-4138-8b79-aae16a71310c/resourcegroups/rg-hack22-aad-general/providers/microsoft.compute/virtualmachines/lvm-hack22-aad",cpu1,"0.6063116267480542"
"21/09/2022, 6:30:00.000 am","lvm-hack22-aad","/subscriptions/949ef534-07f5-4138-8b79-aae16a71310c/resourcegroups/rg-hack22-aad-general/providers/microsoft.compute/virtualmachines/lvm-hack22-aad",cpu3,"0.5498535429113144"
"21/09/2022, 6:30:00.000 am","lvm-hack22-aad","/subscriptions/949ef534-07f5-4138-8b79-aae16a71310c/resourcegroups/rg-hack22-aad-general/providers/microsoft.compute/virtualmachines/lvm-hack22-aad",total,"0.6635883338933849"
"21/09/2022, 6:30:00.000 am","lvm-hack22-aad","/subscriptions/949ef534-07f5-4138-8b79-aae16a71310c/resourcegroups/rg-hack22-aad-general/providers/microsoft.compute/virtualmachines/lvm-hack22-aad",cpu0,"0.8080764002046011"
